annotation_id,annotator,created_at,id,label,lead_time,text,updated_at,entity
181,1,2026-04-20T05:33:09.510805Z,181,"[{""start"":0,""end"":9,""text"":""Elon Musk"",""labels"":[""PERSON""]},{""start"":18,""end"":26,""text"":""Tanzania"",""labels"":[""LOCATION""]}]",41.017,Elon Musk visited Tanzania last year.,2026-04-20T05:33:09.510805Z,
182,1,2026-04-20T05:33:35.180747Z,182,"[{""start"":0,""end"":12,""text"":""Barack Obama"",""labels"":[""PERSON""]},{""start"":30,""end"":35,""text"":""Kenya"",""labels"":[""LOCATION""]}]",22.205,Barack Obama gave a speech in Kenya.,2026-04-20T05:33:35.180747Z,
183,1,2026-04-20T05:34:07.899118Z,183,"[{""start"":0,""end"":6,""text"":""Google"",""labels"":[""ORGANIZATION""]},{""start"":30,""end"":35,""text"":""Lagos"",""labels"":[""LOCATION""]}]",26.424,Google opened a new office in Lagos.,2026-04-20T05:34:07.899118Z,
184,1,2026-04-20T05:34:27.418125Z,184,"[{""start"":0,""end"":15,""text"":""Serena Williams"",""labels"":[""PERSON""]},{""start"":27,""end"":32,""text"":""Paris"",""labels"":[""LOCATION""]}]",15.547,Serena Williams trained in Paris.,2026-04-20T05:34:27.418125Z,
185,1,2026-04-20T05:35:44.793393Z,185,"[{""start"":0,""end"":9,""text"":""Microsoft"",""labels"":[""ORGANIZATION""]},{""start"":37,""end"":49,""text"":""South Africa"",""labels"":[""LOCATION""]}]",74.216,Microsoft announced a partnership in South Africa.,2026-04-20T05:35:44.793393Z,
186,1,2026-04-20T05:36:02.775065Z,186,"[{""start"":0,""end"":12,""text"":""Lionel Messi"",""labels"":[""PERSON""]},{""start"":25,""end"":30,""text"":""Dubai"",""labels"":[""LOCATION""]}]",13.727,Lionel Messi traveled to Dubai for an event.,2026-04-20T05:36:02.775065Z,
187,1,2026-04-20T05:36:21.575432Z,187,"[{""start"":0,""end"":6,""text"":""Amazon"",""labels"":[""ORGANIZATION""]},{""start"":32,""end"":39,""text"":""Nigeria"",""labels"":[""LOCATION""]}]",15.923,Amazon expanded its services in Nigeria.,2026-04-20T05:36:21.575432Z,
188,1,2026-04-20T05:36:44.916573Z,188,"[{""start"":0,""end"":13,""text"":""Oprah Winfrey"",""labels"":[""PERSON""]},{""start"":31,""end"":37,""text"":""London"",""labels"":[""LOCATION""]}]",20.328,Oprah Winfrey hosted a show in London.,2026-04-20T05:36:44.916573Z,
189,1,2026-04-20T05:37:12.321839Z,189,"[{""start"":0,""end"":8,""text"":""Facebook"",""labels"":[""ORGANIZATION""]},{""start"":35,""end"":40,""text"":""India"",""labels"":[""LOCATION""]}]",20.909,Facebook launched a new feature in India.,2026-04-20T05:37:12.321839Z,
190,1,2026-04-20T05:37:31.399198Z,190,"[{""start"":0,""end"":10,""text"":""Bill Gates"",""labels"":[""PERSON""]},{""start"":42,""end"":48,""text"":""Uganda"",""labels"":[""LOCATION""]}]",15.749,Bill Gates donated funds to a hospital in Uganda.,2026-04-20T05:37:31.399198Z,
191,1,2026-04-20T05:37:51.515093Z,191,"[{""start"":0,""end"":17,""text"":""Cristiano Ronaldo"",""labels"":[""PERSON""]},{""start"":36,""end"":41,""text"":""Spain"",""labels"":[""LOCATION""]}]",14.295,Cristiano Ronaldo played a match in Spain.,2026-04-20T05:37:51.515093Z,
192,1,2026-04-20T05:38:09.603437Z,192,"[{""start"":0,""end"":5,""text"":""Apple"",""labels"":[""ORGANIZATION""]},{""start"":32,""end"":42,""text"":""California"",""labels"":[""LOCATION""]}]",13.557,Apple released a new product in California.,2026-04-20T05:38:09.603437Z,
193,1,2026-04-20T05:38:29.930927Z,193,"[{""start"":0,""end"":10,""text"":""Jeff Bezos"",""labels"":[""PERSON""]},{""start"":36,""end"":43,""text"":""Germany"",""labels"":[""LOCATION""]}]",16.534,Jeff Bezos attended a conference in Germany.,2026-04-20T05:38:29.930927Z,
194,1,2026-04-20T05:39:17.353467Z,194,"[{""start"":4,""end"":18,""text"":""United Nations"",""labels"":[""ORGANIZATION""]},{""start"":37,""end"":45,""text"":""New York"",""labels"":[""LOCATION""]}]",41.533,The United Nations held a meeting in New York.,2026-04-20T05:39:17.353467Z,
195,1,2026-04-20T05:39:42.337267Z,195,"[{""start"":0,""end"":5,""text"":""Tesla"",""labels"":[""ORGANIZATION""]},{""start"":25,""end"":30,""text"":""China"",""labels"":[""LOCATION""]}]",21.195,Tesla built a factory in China.,2026-04-20T05:39:42.337267Z,
196,1,2026-04-20T05:40:05.236205Z,196,"[{""start"":0,""end"":15,""text"":""Mark Zuckerberg"",""labels"":[""PERSON""]},{""start"":24,""end"":33,""text"":""Indonesia"",""labels"":[""LOCATION""]}]",16.709,Mark Zuckerberg visited Indonesia.,2026-04-20T05:40:05.236205Z,
197,1,2026-04-20T05:40:30.025907Z,197,"[{""start"":4,""end"":29,""text"":""World Health Organization"",""labels"":[""ORGANIZATION""]},{""start"":49,""end"":55,""text"":""Geneva"",""labels"":[""LOCATION""]}]",21.403,The World Health Organization issued a report in Geneva.,2026-04-20T05:40:30.025907Z,
198,1,2026-04-20T05:40:59.252729Z,198,"[{""start"":0,""end"":7,""text"":""Jack Ma"",""labels"":[""PERSON""]},{""start"":29,""end"":37,""text"":""Shanghai"",""labels"":[""LOCATION""]}]",25.458,Jack Ma spoke at an event in Shanghai.,2026-04-20T05:40:59.252729Z,
199,1,2026-04-20T05:41:17.120321Z,199,"[{""start"":0,""end"":7,""text"":""Netflix"",""labels"":[""ORGANIZATION""]},{""start"":27,""end"":33,""text"":""Canada"",""labels"":[""LOCATION""]}]",14.989,Netflix filmed a series in Canada.,2026-04-20T05:41:17.120921Z,
200,1,2026-04-20T05:41:50.926634Z,200,"[{""start"":4,""end"":17,""text"":""African Union"",""labels"":[""ORGANIZATION""]},{""start"":25,""end"":36,""text"":""Addis Ababa"",""labels"":[""LOCATION""]}]",30.575,The African Union met in Addis Ababa.,2026-04-20T05:41:50.926634Z,
201,1,2026-04-20T05:42:20.161864Z,201,"[{""start"":0,""end"":9,""text"":""Elon Musk"",""labels"":[""PERSON""]},{""start"":14,""end"":24,""text"":""Bill Gates"",""labels"":[""PERSON""]},{""start"":46,""end"":57,""text"":""Switzerland"",""labels"":[""LOCATION""]}]",25.293,Elon Musk and Bill Gates attended a summit in Switzerland.,2026-04-20T05:42:20.161864Z,
202,1,2026-04-20T05:42:50.791583Z,202,"[{""start"":0,""end"":6,""text"":""Google"",""labels"":[""ORGANIZATION""]},{""start"":11,""end"":20,""text"":""Microsoft"",""labels"":[""ORGANIZATION""]},{""start"":58,""end"":64,""text"":""Europe"",""labels"":[""LOCATION""]}]",27.112,Google and Microsoft are competing in the cloud market in Europe.,2026-04-20T05:42:50.791583Z,
203,1,2026-04-20T05:43:11.317288Z,203,"[{""start"":4,""end"":14,""text"":""World Bank"",""labels"":[""ORGANIZATION""]},{""start"":35,""end"":43,""text"":""Tanzania"",""labels"":[""LOCATION""]}]",15.795,The World Bank funded a project in Tanzania.,2026-04-20T05:43:11.318284Z,
204,1,2026-04-20T05:43:34.825006Z,204,"[{""start"":0,""end"":3,""text"":""IBM"",""labels"":[""ORGANIZATION""]},{""start"":32,""end"":38,""text"":""Brazil"",""labels"":[""LOCATION""]}]",15.133,IBM opened a research center in Brazil.,2026-04-20T05:43:34.825006Z,
205,1,2026-04-20T05:43:52.910656Z,205,"[{""start"":0,""end"":13,""text"":""Angela Merkel"",""labels"":[""PERSON""]},{""start"":34,""end"":40,""text"":""Berlin"",""labels"":[""LOCATION""]}]",14.815,Angela Merkel met with leaders in Berlin.,2026-04-20T05:43:52.910656Z,
206,1,2026-04-20T05:44:12.194908Z,206,"[{""start"":4,""end"":18,""text"":""European Union"",""labels"":[""ORGANIZATION""]},{""start"":45,""end"":53,""text"":""Brussels"",""labels"":[""LOCATION""]}]",15.439,The European Union passed new regulations in Brussels.,2026-04-20T05:44:12.194908Z,
207,1,2026-04-20T05:44:38.349863Z,207,"[{""start"":0,""end"":7,""text"":""Samsung"",""labels"":[""ORGANIZATION""]},{""start"":28,""end"":39,""text"":""South Korea"",""labels"":[""LOCATION""]}]",19.002,Samsung launched a phone in South Korea.,2026-04-20T05:44:38.349863Z,
208,1,2026-04-20T05:45:20.201618Z,208,"[{""start"":4,""end"":13,""text"":""Red Cross"",""labels"":[""ORGANIZATION""]},{""start"":30,""end"":35,""text"":""Sudan"",""labels"":[""LOCATION""]}]",38.247,The Red Cross provided aid in Sudan.,2026-04-20T05:45:20.201618Z,
209,1,2026-04-20T05:45:42.857319Z,209,"[{""start"":0,""end"":7,""text"":""Twitter"",""labels"":[""ORGANIZATION""]},{""start"":51,""end"":64,""text"":""San Francisco"",""labels"":[""LOCATION""]}]",19.459,Twitter announced updates from its headquarters in San Francisco.,2026-04-20T05:45:42.857319Z,
210,1,2026-04-20T05:46:04.514444Z,210,"[{""start"":0,""end"":7,""text"":""Alibaba"",""labels"":[""ORGANIZATION""]},{""start"":33,""end"":42,""text"":""Singapore"",""labels"":[""LOCATION""]}]",18.231,Alibaba invested in a startup in Singapore.,2026-04-20T05:46:04.514444Z,
211,1,2026-04-20T13:55:24.210118Z,211,"[{""start"":0,""end"":9,""text"":""Elon Musk"",""labels"":[""PERSON""]},{""start"":35,""end"":41,""text"":""Berlin"",""labels"":[""LOCATION""]},{""start"":45,""end"":49,""text"":""2023"",""labels"":[""DATE""]}]",22.462,Elon Musk spoke at a conference in Berlin in 2023.,2026-04-20T13:55:24.210118Z,
212,1,2026-04-20T13:56:03.026230Z,212,"[{""start"":0,""end"":6,""text"":""Google"",""labels"":[""ORGANIZATION""]},{""start"":29,""end"":34,""text"":""India"",""labels"":[""LOCATION""]},{""start"":35,""end"":44,""text"":""last year"",""labels"":[""DATE""]}]",34.855,Google launched a product in India last year.,2026-04-20T13:56:03.026230Z,
213,1,2026-04-20T13:56:33.821907Z,213,"[{""start"":0,""end"":12,""text"":""Barack Obama"",""labels"":[""PERSON""]},{""start"":30,""end"":37,""text"":""Nairobi"",""labels"":[""LOCATION""]},{""start"":41,""end"":47,""text"":""Monday"",""labels"":[""DATE""]}]",23.501,Barack Obama gave a speech in Nairobi on Monday.,2026-04-20T13:56:33.821907Z,
214,1,2026-04-20T13:57:51.506305Z,214,"[{""start"":0,""end"":9,""text"":""Microsoft"",""labels"":[""ORGANIZATION""]},{""start"":28,""end"":33,""text"":""10 AM"",""labels"":[""TIME""]},{""start"":37,""end"":43,""text"":""London"",""labels"":[""LOCATION""]}]",54.198,Microsoft held a meeting at 10 AM in London.,2026-04-20T13:57:51.506305Z,
215,1,2026-04-20T13:58:15.873646Z,215,"[{""start"":0,""end"":6,""text"":""Amazon"",""labels"":[""ORGANIZATION""]},{""start"":19,""end"":24,""text"":""Egypt"",""labels"":[""LOCATION""]},{""start"":28,""end"":32,""text"":""2022"",""labels"":[""DATE""]}]",21.341,Amazon expanded to Egypt in 2022.,2026-04-20T13:58:15.873646Z,
216,1,2026-04-20T13:58:37.105988Z,216,"[{""start"":0,""end"":15,""text"":""Serena Williams"",""labels"":[""PERSON""]},{""start"":27,""end"":32,""text"":""Paris"",""labels"":[""LOCATION""]},{""start"":40,""end"":47,""text"":""morning"",""labels"":[""TIME""]}]",18.319,Serena Williams trained in Paris in the morning.,2026-04-20T13:58:37.105988Z,
217,1,2026-04-20T13:59:05.607275Z,217,"[{""start"":4,""end"":18,""text"":""United Nations"",""labels"":[""ORGANIZATION""]},{""start"":26,""end"":34,""text"":""New York"",""labels"":[""LOCATION""]},{""start"":38,""end"":50,""text"":""September 15"",""labels"":[""DATE""]}]",25.487,The United Nations met in New York on September 15.,2026-04-20T13:59:05.607275Z,
218,1,2026-04-20T13:59:35.165155Z,218,"[{""start"":0,""end"":5,""text"":""Tesla"",""labels"":[""ORGANIZATION""]},{""start"":27,""end"":31,""text"":""3 PM"",""labels"":[""TIME""]},{""start"":35,""end"":45,""text"":""California"",""labels"":[""LOCATION""]}]",26.191,Tesla announced results at 3 PM in California.,2026-04-20T13:59:35.165155Z,
219,1,2026-04-20T14:00:05.520446Z,219,"[{""start"":0,""end"":8,""text"":""Facebook"",""labels"":[""ORGANIZATION""]},{""start"":29,""end"":34,""text"":""Lagos"",""labels"":[""LOCATION""]},{""start"":38,""end"":42,""text"":""June"",""labels"":[""DATE""]}]",21.043,Facebook opened an office in Lagos in June.,2026-04-20T14:00:05.520446Z,
220,1,2026-04-20T14:00:28.668891Z,220,"[{""start"":0,""end"":10,""text"":""Bill Gates"",""labels"":[""PERSON""]},{""start"":19,""end"":27,""text"":""Tanzania"",""labels"":[""LOCATION""]},{""start"":28,""end"":37,""text"":""last week"",""labels"":[""DATE""]}]",19.821,Bill Gates visited Tanzania last week.,2026-04-20T14:00:28.668891Z,
221,1,2026-04-20T14:00:53.790824Z,221,"[{""start"":0,""end"":5,""text"":""Apple"",""labels"":[""ORGANIZATION""]},{""start"":27,""end"":32,""text"":""China"",""labels"":[""LOCATION""]},{""start"":36,""end"":40,""text"":""2021"",""labels"":[""DATE""]}]",21.395,Apple released a device in China in 2021.,2026-04-20T14:00:53.790824Z,
222,1,2026-04-20T14:01:15.336121Z,222,"[{""start"":4,""end"":14,""text"":""World Bank"",""labels"":[""ORGANIZATION""]},{""start"":35,""end"":40,""text"":""Kenya"",""labels"":[""LOCATION""]},{""start"":44,""end"":50,""text"":""Friday"",""labels"":[""DATE""]}]",18.825,The World Bank approved funding in Kenya on Friday.,2026-04-20T14:01:15.336121Z,
223,1,2026-04-20T14:01:48.596257Z,223,"[{""start"":0,""end"":17,""text"":""Cristiano Ronaldo"",""labels"":[""PERSON""]},{""start"":28,""end"":34,""text"":""Madrid"",""labels"":[""LOCATION""]},{""start"":38,""end"":43,""text"":""night"",""labels"":[""TIME""]}]",30.022,Cristiano Ronaldo played in Madrid at night.,2026-04-20T14:01:48.596257Z,
224,1,2026-04-20T14:02:12.896793Z,224,"[{""start"":0,""end"":3,""text"":""IBM"",""labels"":[""ORGANIZATION""]},{""start"":23,""end"":29,""text"":""Brazil"",""labels"":[""LOCATION""]},{""start"":33,""end"":41,""text"":""March 10"",""labels"":[""DATE""]}]",19.284,IBM hosted an event in Brazil on March 10.,2026-04-20T14:02:12.896793Z,
225,1,2026-04-20T14:02:34.536752Z,225,"[{""start"":0,""end"":7,""text"":""Netflix"",""labels"":[""ORGANIZATION""]},{""start"":29,""end"":35,""text"":""Canada"",""labels"":[""LOCATION""]},{""start"":41,""end"":45,""text"":""this year"",""labels"":[""DATE""]}]",17.707,Netflix released a series in Canada this year.,2026-04-20T14:02:34.536752Z,
226,1,2026-04-20T14:03:06.417404Z,226,"[{""start"":0,""end"":13,""text"":""Angela Merkel"",""labels"":[""PERSON""]},{""start"":23,""end"":29,""text"":""Berlin"",""labels"":[""LOCATION""]},{""start"":33,""end"":40,""text"":""Tuesday"",""labels"":[""DATE""]},{""start"":41,""end"":48,""text"":""morning"",""labels"":[""TIME""]}]",28.708,Angela Merkel spoke in Berlin on Tuesday morning.,2026-04-20T14:03:06.417404Z,
227,1,2026-04-20T14:03:30.008446Z,227,"[{""start"":0,""end"":7,""text"":""Samsung"",""labels"":[""ORGANIZATION""]},{""start"":28,""end"":39,""text"":""South Korea"",""labels"":[""LOCATION""]},{""start"":43,""end"":47,""text"":""noon"",""labels"":[""TIME""]}]",20.233,Samsung launched a phone in South Korea at noon.,2026-04-20T14:03:30.008446Z,
228,1,2026-04-20T14:04:11.004223Z,228,"[{""start"":4,""end"":17,""text"":""African Union"",""labels"":[""ORGANIZATION""]},{""start"":25,""end"":36,""text"":""Addis Ababa"",""labels"":[""LOCATION""]},{""start"":40,""end"":44,""text"":""July"",""labels"":[""DATE""]}]",32.921,The African Union met in Addis Ababa in July.,2026-04-20T14:04:11.004223Z,
229,1,2026-04-20T14:04:38.151444Z,229,"[{""start"":0,""end"":10,""text"":""Jeff Bezos"",""labels"":[""PERSON""]},{""start"":33,""end"":40,""text"":""Germany"",""labels"":[""LOCATION""]},{""start"":41,""end"":50,""text"":""yesterday"",""labels"":[""DATE""]}]",22.615,Jeff Bezos attended a meeting in Germany yesterday.,2026-04-20T14:04:38.151444Z,
230,1,2026-04-20T14:05:45.820651Z,230,"[{""start"":0,""end"":7,""text"":""Twitter"",""labels"":[""ORGANIZATION""]},{""start"":29,""end"":33,""text"":""5 PM"",""labels"":[""TIME""]},{""start"":37,""end"":50,""text"":""San Francisco"",""labels"":[""LOCATION""]}]",63.095,Twitter announced changes at 5 PM in San Francisco.,2026-04-20T14:05:45.820651Z,
231,1,2026-04-20T14:06:17.351262Z,231,"[{""start"":0,""end"":7,""text"":""Alibaba"",""labels"":[""ORGANIZATION""]},{""start"":20,""end"":29,""text"":""Singapore"",""labels"":[""LOCATION""]},{""start"":33,""end"":37,""text"":""2020"",""labels"":[""DATE""]}]",26.581,Alibaba invested in Singapore in 2020.,2026-04-20T14:06:17.351262Z,
232,1,2026-04-20T14:06:43.193173Z,232,"[{""start"":4,""end"":18,""text"":""European Union"",""labels"":[""ORGANIZATION""]},{""start"":34,""end"":42,""text"":""Brussels"",""labels"":[""LOCATION""]},{""start"":43,""end"":53,""text"":""last month"",""labels"":[""DATE""]}]",22.729,The European Union passed laws in Brussels last month.,2026-04-20T14:06:43.193173Z,
233,1,2026-04-20T14:07:07.779944Z,233,"[{""start"":0,""end"":7,""text"":""Jack Ma"",""labels"":[""PERSON""]},{""start"":25,""end"":33,""text"":""Shanghai"",""labels"":[""LOCATION""]},{""start"":37,""end"":42,""text"":""11 AM"",""labels"":[""TIME""]}]",21.394,Jack Ma gave a speech in Shanghai at 11 AM.,2026-04-20T14:07:07.779944Z,
234,1,2026-04-20T14:07:30.990209Z,234,"[{""start"":4,""end"":13,""text"":""Red Cross"",""labels"":[""ORGANIZATION""]},{""start"":30,""end"":35,""text"":""Sudan"",""labels"":[""LOCATION""]},{""start"":47,""end"":54,""text"":""evening"",""labels"":[""TIME""]}]",20.406,The Red Cross provided aid in Sudan during the evening.,2026-04-20T14:07:30.990209Z,
235,1,2026-04-20T14:08:01.417760Z,235,"[{""start"":0,""end"":13,""text"":""Oprah Winfrey"",""labels"":[""PERSON""]},{""start"":31,""end"":38,""text"":""Chicago"",""labels"":[""LOCATION""]},{""start"":42,""end"":48,""text"":""Sunday"",""labels"":[""DATE""]}]",23.542,Oprah Winfrey hosted a show in Chicago on Sunday.,2026-04-20T14:08:01.417760Z,
236,1,2026-04-20T14:08:31.244523Z,236,"[{""start"":0,""end"":6,""text"":""Google"",""labels"":[""ORGANIZATION""]},{""start"":11,""end"":20,""text"":""Microsoft"",""labels"":[""ORGANIZATION""]},{""start"":28,""end"":34,""text"":""Zurich"",""labels"":[""LOCATION""]},{""start"":38,""end"":45,""text"":""April 5"",""labels"":[""DATE""]}]",26.639,Google and Microsoft met in Zurich on April 5.,2026-04-20T14:08:31.244523Z,
237,1,2026-04-20T14:09:57.178610Z,237,"[{""start"":4,""end"":29,""text"":""World Health Organization"",""labels"":[""ORGANIZATION""]},{""start"":49,""end"":55,""text"":""Geneva"",""labels"":[""LOCATION""]},{""start"":56,""end"":65,""text"":""this week"",""labels"":[""DATE""]}]",83.06,The World Health Organization issued a report in Geneva this week.,2026-04-20T14:09:57.178610Z,
238,1,2026-04-20T14:10:29.120974Z,238,"[{""start"":0,""end"":15,""text"":""Mark Zuckerberg"",""labels"":[""PERSON""]},{""start"":24,""end"":29,""text"":""Japan"",""labels"":[""LOCATION""]},{""start"":37,""end"":46,""text"":""afternoon"",""labels"":[""TIME""]}]",28.323,Mark Zuckerberg visited Japan in the afternoon.,2026-04-20T14:10:29.120974Z,
239,1,2026-04-20T14:10:52.220860Z,239,"[{""start"":0,""end"":12,""text"":""Lionel Messi"",""labels"":[""PERSON""]},{""start"":23,""end"":28,""text"":""Miami"",""labels"":[""LOCATION""]},{""start"":32,""end"":36,""text"":""8 PM"",""labels"":[""TIME""]}]",19.845,Lionel Messi played in Miami at 8 PM.,2026-04-20T14:10:52.220860Z,
240,1,2026-04-20T14:12:08.352330Z,240,"[{""start"":4,""end"":18,""text"":""United Nations"",""labels"":[""ORGANIZATION""]},{""start"":36,""end"":44,""text"":""New York"",""labels"":[""LOCATION""]},{""start"":48,""end"":55,""text"":""October"",""labels"":[""DATE""]}]",73.093,The United Nations held a summit in New York in October.,2026-04-20T14:12:08.352330Z,
241,1,2026-04-20T14:48:18.400637Z,241,"[{""start"":18,""end"":23,""text"":""Paris"",""labels"":[""LOCATION""]},{""start"":25,""end"":34,""text"":""Elon Musk"",""labels"":[""PERSON""]},{""start"":55,""end"":60,""text"":""Tesla"",""labels"":[""ORGANIZATION""]},{""start"":64,""end"":70,""text"":""Monday"",""labels"":[""DATE""]},{""start"":71,""end"":78,""text"":""morning"",""labels"":[""TIME""]}]",38.01,"After arriving in Paris, Elon Musk met executives from Tesla on Monday morning.",2026-04-20T14:48:18.401634Z,
242,1,2026-04-20T14:48:53.159692Z,242,"[{""start"":0,""end"":6,""text"":""Google"",""labels"":[""ORGANIZATION""]},{""start"":20,""end"":26,""text"":""Berlin"",""labels"":[""LOCATION""]},{""start"":62,""end"":68,""text"":""Africa"",""labels"":[""LOCATION""]},{""start"":72,""end"":76,""text"":""2024"",""labels"":[""DATE""]}]",29.37,Google announced in Berlin that it would expand operations in Africa in 2024.,2026-04-20T14:48:53.159692Z,
243,1,2026-04-20T14:49:25.814912Z,243,"[{""start"":0,""end"":12,""text"":""Barack Obama"",""labels"":[""PERSON""]},{""start"":21,""end"":28,""text"":""Nairobi"",""labels"":[""LOCATION""]},{""start"":72,""end"":86,""text"":""United Nations"",""labels"":[""ORGANIZATION""]},{""start"":90,""end"":96,""text"":""Friday"",""labels"":[""DATE""]}]",28.475,Barack Obama visited Nairobi and spoke at a conference organized by the United Nations on Friday.,2026-04-20T14:49:25.814912Z,
244,1,2026-04-20T14:50:07.339712Z,244,"[{""start"":0,""end"":9,""text"":""Microsoft"",""labels"":[""ORGANIZATION""]},{""start"":14,""end"":20,""text"":""Amazon"",""labels"":[""ORGANIZATION""]},{""start"":38,""end"":44,""text"":""London"",""labels"":[""LOCATION""]},{""start"":45,""end"":54,""text"":""last week"",""labels"":[""DATE""]},{""start"":58,""end"":62,""text"":""3 PM"",""labels"":[""TIME""]}]",38.517,Microsoft and Amazon signed a deal in London last week at 3 PM.,2026-04-20T14:50:07.339712Z,
245,1,2026-04-20T14:50:38.425256Z,245,"[{""start"":0,""end"":14,""text"":""Serena William"",""labels"":[""PERSON""]},{""start"":27,""end"":35,""text"":""New York"",""labels"":[""LOCATION""]},{""start"":56,""end"":61,""text"":""Tokyo"",""labels"":[""LOCATION""]},{""start"":65,""end"":69,""text"":""June"",""labels"":[""DATE""]}]",27.625,Serena Williams trained in New York before traveling to Tokyo in June.,2026-04-20T14:50:38.425256Z,
246,1,2026-04-20T14:51:10.841260Z,246,"[{""start"":4,""end"":14,""text"":""World Bank"",""labels"":[""ORGANIZATION""]},{""start"":48,""end"":56,""text"":""Tanzania"",""labels"":[""LOCATION""]},{""start"":61,""end"":66,""text"":""Kenya"",""labels"":[""LOCATION""]},{""start"":67,""end"":76,""text"":""this year"",""labels"":[""DATE""]}]",29.714,The World Bank approved funding for projects in Tanzania and Kenya this year.,2026-04-20T14:51:10.841260Z,
247,1,2026-04-20T14:51:42.238115Z,247,"[{""start"":0,""end"":17,""text"":""Cristiano Ronaldo"",""labels"":[""PERSON""]},{""start"":39,""end"":51,""text"":""Saudi Arabia"",""labels"":[""LOCATION""]},{""start"":63,""end"":70,""text"":""evening"",""labels"":[""TIME""]},{""start"":74,""end"":80,""text"":""Sunday"",""labels"":[""DATE""]}]",28.521,Cristiano Ronaldo played for a club in Saudi Arabia during the evening on Sunday.,2026-04-20T14:51:42.238115Z,
248,1,2026-04-20T14:52:18.203001Z,248,"[{""start"":0,""end"":3,""text"":""IBM"",""labels"":[""ORGANIZATION""]},{""start"":30,""end"":35,""text"":""Dubai"",""labels"":[""LOCATION""]},{""start"":59,""end"":73,""text"":""European Union"",""labels"":[""ORGANIZATION""]},{""start"":86,""end"":94,""text"":""March 10"",""labels"":[""DATE""]}]",32.962,IBM hosted a global summit in Dubai where leaders from the European Union attended on March 10.,2026-04-20T14:52:18.203001Z,
249,1,2026-04-20T14:52:51.230135Z,249,"[{""start"":0,""end"":13,""text"":""Angela Merkel"",""labels"":[""PERSON""]},{""start"":37,""end"":50,""text"":""African Union"",""labels"":[""ORGANIZATION""]},{""start"":54,""end"":65,""text"":""Addis Ababa"",""labels"":[""LOCATION""]},{""start"":66,""end"":76,""text"":""last month"",""labels"":[""DATE""]}]",25.398,Angela Merkel met officials from the African Union in Addis Ababa last month.,2026-04-20T14:52:51.230135Z,
250,1,2026-04-20T14:53:15.193041Z,250,"[{""start"":0,""end"":7,""text"":""Netflix"",""labels"":[""ORGANIZATION""]},{""start"":34,""end"":40,""text"":""Canada"",""labels"":[""LOCATION""]},{""start"":51,""end"":60,""text"":""Elon Musk"",""labels"":[""PERSON""]}]",20.971,Netflix released a documentary in Canada featuring Elon Musk and other leaders.,2026-04-20T14:53:15.193041Z,
251,1,2026-04-20T14:53:46.749432Z,251,"[{""start"":4,""end"":18,""text"":""United Nations"",""labels"":[""ORGANIZATION""]},{""start"":44,""end"":52,""text"":""New York"",""labels"":[""LOCATION""]},{""start"":56,""end"":68,""text"":""September 20"",""labels"":[""DATE""]},{""start"":72,""end"":76,""text"":""noon"",""labels"":[""TIME""]}]",28.218,The United Nations held a climate summit in New York on September 20 at noon.,2026-04-20T14:53:46.749432Z,
252,1,2026-04-20T14:54:21.562919Z,252,"[{""start"":0,""end"":7,""text"":""Jack Ma"",""labels"":[""PERSON""]},{""start"":17,""end"":25,""text"":""Shanghai"",""labels"":[""LOCATION""]},{""start"":52,""end"":61,""text"":""Singapore"",""labels"":[""LOCATION""]},{""start"":65,""end"":69,""text"":""2020"",""labels"":[""DATE""]}]",30.873,Jack Ma spoke in Shanghai about investments made in Singapore in 2020.,2026-04-20T14:54:21.562919Z,
253,1,2026-04-20T14:54:52.052892Z,253,"[{""start"":0,""end"":7,""text"":""Samsung"",""labels"":[""ORGANIZATION""]},{""start"":38,""end"":49,""text"":""South Korea"",""labels"":[""LOCATION""]},{""start"":54,""end"":59,""text"":""Japan"",""labels"":[""LOCATION""]},{""start"":68,""end"":77,""text"":""this year"",""labels"":[""DATE""]}]",27.608,Samsung launched its latest device in South Korea and Japan earlier this year.,2026-04-20T14:54:52.052892Z,
254,1,2026-04-20T14:55:18.358292Z,254,"[{""start"":4,""end"":13,""text"":""Red Cross"",""labels"":[""ORGANIZATION""]},{""start"":40,""end"":45,""text"":""Sudan"",""labels"":[""LOCATION""]},{""start"":62,""end"":66,""text"":""July"",""labels"":[""DATE""]}]",23.368,The Red Cross provided emergency aid in Sudan after floods in July.,2026-04-20T14:55:18.358292Z,
255,1,2026-04-20T14:55:55.421829Z,255,"[{""start"":0,""end"":13,""text"":""Oprah Winfrey"",""labels"":[""PERSON""]},{""start"":26,""end"":38,""text"":""Barack Obama"",""labels"":[""PERSON""]},{""start"":42,""end"":49,""text"":""Chicago"",""labels"":[""LOCATION""]},{""start"":53,""end"":60,""text"":""Tuesday"",""labels"":[""DATE""]},{""start"":61,""end"":68,""text"":""evening"",""labels"":[""TIME""]}]",33.968,Oprah Winfrey interviewed Barack Obama in Chicago on Tuesday evening.,2026-04-20T14:55:55.421829Z,
256,1,2026-04-20T14:56:25.021099Z,256,"[{""start"":0,""end"":7,""text"":""Twitter"",""labels"":[""ORGANIZATION""]},{""start"":29,""end"":42,""text"":""San Francisco"",""labels"":[""LOCATION""]},{""start"":49,""end"":55,""text"":""Google"",""labels"":[""ORGANIZATION""]},{""start"":77,""end"":83,""text"":""Zurich"",""labels"":[""LOCATION""]}]",26.535,Twitter announced updates in San Francisco while Google held a conference in Zurich.,2026-04-20T14:56:25.022092Z,
257,1,2026-04-20T14:57:25.835378Z,257,"[{""start"":0,""end"":7,""text"":""Alibaba"",""labels"":[""ORGANIZATION""]},{""start"":33,""end"":39,""text"":""Europe"",""labels"":[""LOCATION""]},{""start"":44,""end"":50,""text"":""Africa"",""labels"":[""LOCATION""]},{""start"":58,""end"":62,""text"":""2021"",""labels"":[""DATE""]}]",53.808,Alibaba expanded into markets in Europe and Africa during 2021.,2026-04-20T14:57:25.835378Z,
258,1,2026-04-20T14:57:49.393289Z,258,"[{""start"":4,""end"":29,""text"":""World Health Organization"",""labels"":[""ORGANIZATION""]},{""start"":53,""end"":59,""text"":""Geneva"",""labels"":[""LOCATION""]},{""start"":60,""end"":69,""text"":""last week"",""labels"":[""DATE""]}]",20.082,The World Health Organization issued guidelines from Geneva last week.,2026-04-20T14:57:49.393289Z,
259,1,2026-04-20T14:58:19.446920Z,259,"[{""start"":0,""end"":15,""text"":""Mark Zuckerberg"",""labels"":[""PERSON""]},{""start"":30,""end"":40,""text"":""California"",""labels"":[""LOCATION""]},{""start"":44,""end"":53,""text"":""Indonesia"",""labels"":[""LOCATION""]},{""start"":61,""end"":68,""text"":""morning"",""labels"":[""TIME""]}]",26.864,Mark Zuckerberg traveled from California to Indonesia in the morning.,2026-04-20T14:58:19.446920Z,
260,1,2026-04-20T14:58:54.798152Z,260,"[{""start"":0,""end"":12,""text"":""Lionel Messi"",""labels"":[""PERSON""]},{""start"":23,""end"":28,""text"":""Miami"",""labels"":[""LOCATION""]},{""start"":47,""end"":56,""text"":""Argentina"",""labels"":[""LOCATION""]},{""start"":60,""end"":68,""text"":""December"",""labels"":[""DATE""]}]",31.056,Lionel Messi played in Miami before heading to Argentina in December.,2026-04-20T14:58:54.798152Z,
261,1,2026-04-20T14:59:27.449828Z,261,"[{""start"":4,""end"":18,""text"":""European Union"",""labels"":[""ORGANIZATION""]},{""start"":26,""end"":34,""text"":""Brussels"",""labels"":[""LOCATION""]},{""start"":65,""end"":72,""text"":""Germany"",""labels"":[""LOCATION""]},{""start"":77,""end"":83,""text"":""France"",""labels"":[""LOCATION""]}]",29.349,The European Union met in Brussels to discuss policies affecting Germany and France.,2026-04-20T14:59:27.449828Z,
262,1,2026-04-20T14:59:51.336081Z,262,"[{""start"":0,""end"":10,""text"":""Jeff Bezos"",""labels"":[""PERSON""]},{""start"":40,""end"":46,""text"":""Berlin"",""labels"":[""LOCATION""]},{""start"":66,""end"":72,""text"":""Amazon"",""labels"":[""ORGANIZATION""]}]",20.026,Jeff Bezos attended a business forum in Berlin where leaders from Amazon were present.,2026-04-20T14:59:51.336081Z,
263,1,2026-04-20T15:00:24.851847Z,263,"[{""start"":0,""end"":5,""text"":""Apple"",""labels"":[""ORGANIZATION""]},{""start"":31,""end"":41,""text"":""California"",""labels"":[""LOCATION""]},{""start"":66,""end"":75,""text"":""September"",""labels"":[""DATE""]}]",27.119,Apple revealed new products in California during an event held in September.,2026-04-20T15:00:24.851847Z,
264,1,2026-04-20T15:00:57.464004Z,264,"[{""start"":0,""end"":10,""text"":""Bill Gates"",""labels"":[""PERSON""]},{""start"":32,""end"":38,""text"":""Uganda"",""labels"":[""LOCATION""]},{""start"":43,""end"":48,""text"":""Kenya"",""labels"":[""LOCATION""]},{""start"":57,""end"":67,""text"":""this month"",""labels"":[""DATE""]}]",26.42,Bill Gates visited hospitals in Uganda and Kenya earlier this month.,2026-04-20T15:00:57.464004Z,
265,1,2026-04-20T15:01:27.987593Z,265,"[{""start"":0,""end"":8,""text"":""Facebook"",""labels"":[""ORGANIZATION""]},{""start"":27,""end"":36,""text"":""Microsoft"",""labels"":[""ORGANIZATION""]},{""start"":62,""end"":67,""text"":""India"",""labels"":[""LOCATION""]},{""start"":71,""end"":75,""text"":""2022"",""labels"":[""DATE""]}]",26.951,Facebook collaborated with Microsoft on a project launched in India in 2022.,2026-04-20T15:01:27.987593Z,
266,1,2026-04-20T15:01:55.149408Z,266,"[{""start"":4,""end"":17,""text"":""African Union"",""labels"":[""ORGANIZATION""]},{""start"":38,""end"":46,""text"":""Ethiopia"",""labels"":[""LOCATION""]},{""start"":70,""end"":75,""text"":""Sudan"",""labels"":[""LOCATION""]},{""start"":80,""end"":85,""text"":""Egypt"",""labels"":[""LOCATION""]}]",23.65,The African Union held discussions in Ethiopia involving leaders from Sudan and Egypt.,2026-04-20T15:01:55.149408Z,
267,1,2026-04-20T15:02:44.277908Z,267,"[{""start"":0,""end"":17,""text"":""Cristiano Ronaldo"",""labels"":[""PERSON""]},{""start"":22,""end"":34,""text"":""Lionel Messi"",""labels"":[""PERSON""]},{""start"":66,""end"":71,""text"":""Paris"",""labels"":[""LOCATION""]},{""start"":75,""end"":79,""text"":""8 PM"",""labels"":[""TIME""]}]",43.951,Cristiano Ronaldo and Lionel Messi attended an awards ceremony in Paris at 8 PM.,2026-04-20T15:02:44.277908Z,
268,1,2026-04-20T15:03:19.713691Z,268,"[{""start"":0,""end"":6,""text"":""Google"",""labels"":[""ORGANIZATION""]},{""start"":11,""end"":14,""text"":""IBM"",""labels"":[""ORGANIZATION""]},{""start"":51,""end"":59,""text"":""New York"",""labels"":[""LOCATION""]},{""start"":63,""end"":70,""text"":""April 5"",""labels"":[""DATE""]}]",32.029,Google and IBM partnered on a project announced in New York on April 5.,2026-04-20T15:03:19.713691Z,
269,1,2026-04-20T15:03:41.646504Z,269,"[{""start"":0,""end"":13,""text"":""Angela Merkel"",""labels"":[""PERSON""]},{""start"":31,""end"":37,""text"":""Berlin"",""labels"":[""LOCATION""]},{""start"":70,""end"":84,""text"":""United Nations"",""labels"":[""ORGANIZATION""]}]",19.086,Angela Merkel gave a speech in Berlin during a summit attended by the United Nations.,2026-04-20T15:03:41.646504Z,
270,1,2026-04-20T15:04:14.879847Z,270,"[{""start"":4,""end"":14,""text"":""World Bank"",""labels"":[""ORGANIZATION""]},{""start"":19,""end"":46,""text"":""International Monetary Fund"",""labels"":[""ORGANIZATION""]},{""start"":54,""end"":64,""text"":""Washington"",""labels"":[""LOCATION""]},{""start"":68,""end"":78,""text"":""October 10"",""labels"":[""DATE""]}]",30.387,The World Bank and International Monetary Fund met in Washington on October 10.,2026-04-20T15:04:14.879847Z,
301,1,2026-04-21T08:18:53.231493Z,301,"[{""start"":31,""end"":41,""text"":""Washington"",""labels"":[""LOCATION""]},{""start"":45,""end"":51,""text"":""Monday"",""labels"":[""DATE""]}]",17.921,The president met officials in Washington on Monday.,2026-04-21T08:18:53.231493Z,
302,1,2026-04-21T08:19:08.362802Z,302,"[{""start"":0,""end"":5,""text"":""Apple"",""labels"":[""ORGANIZATION""]}]",10.678,Apple announced new features during its annual event.,2026-04-21T08:19:08.362802Z,
303,1,2026-04-21T08:19:33.237044Z,303,"[{""start"":49,""end"":54,""text"":""Texas"",""labels"":[""LOCATION""]}]",19.83,Musk spoke about future plans at a conference in Texas.,2026-04-21T08:19:33.237044Z,
304,1,2026-04-21T08:19:51.665980Z,304,"[{""start"":18,""end"":23,""text"":""Kenya"",""labels"":[""LOCATION""]},{""start"":48,""end"":57,""text"":""last year"",""labels"":[""DATE""]}]",14.569,The government of Kenya introduced new policies last year.,2026-04-21T08:19:51.665980Z,
305,1,2026-04-21T08:20:09.615778Z,305,"[{""start"":0,""end"":6,""text"":""Amazon"",""labels"":[""ORGANIZATION""]},{""start"":21,""end"":29,""text"":""New York"",""labels"":[""LOCATION""]}]",14.804,Amazon’s CEO visited New York recently.,2026-04-21T08:20:09.615778Z,
306,1,2026-04-21T08:20:21.967180Z,306,"[{""start"":21,""end"":33,""text"":""South Africa"",""labels"":[""LOCATION""]}]",9.246,The team traveled to South Africa for a tournament.,2026-04-21T08:20:21.967180Z,
307,1,2026-04-21T08:20:38.772963Z,307,"[{""start"":0,""end"":6,""text"":""Google"",""labels"":[""ORGANIZATION""]},{""start"":40,""end"":46,""text"":""Europe"",""labels"":[""LOCATION""]}]",13.98,Google opened a new office somewhere in Europe.,2026-04-21T08:20:38.772963Z,
308,1,2026-04-21T08:21:06.587316Z,308,"[{""start"":35,""end"":39,""text"":""Asia"",""labels"":[""LOCATION""]},{""start"":40,""end"":49,""text"":""this year"",""labels"":[""DATE""]}]",24.292,The company expanded operations in Asia this year.,2026-04-21T08:21:06.587316Z,
309,1,2026-04-21T08:21:48.510936Z,309,"[{""start"":27,""end"":32,""text"":""Paris"",""labels"":[""LOCATION""]},{""start"":36,""end"":43,""text"":""Tuesday"",""labels"":[""DATE""]}]",34.056,Barack met with leaders in Paris on Tuesday.,2026-04-21T08:21:48.510936Z,
310,1,2026-04-21T08:22:21.549319Z,310,"[{""start"":0,""end"":9,""text"":""Microsoft"",""labels"":[""ORGANIZATION""]},{""start"":38,""end"":52,""text"":""Silicon Valley"",""labels"":[""LOCATION""]}]",28.905,Microsoft partnered with a startup in Silicon Valley.,2026-04-21T08:22:21.550316Z,
311,1,2026-04-21T08:22:39.159414Z,311,"[{""start"":18,""end"":24,""text"":""Oxford"",""labels"":[""LOCATION""]},{""start"":43,""end"":47,""text"":""June"",""labels"":[""DATE""]}]",14.506,The university in Oxford held a seminar in June.,2026-04-21T08:22:39.159414Z,
312,1,2026-04-21T08:23:00.201140Z,312,"[{""start"":0,""end"":5,""text"":""Tesla"",""labels"":[""ORGANIZATION""]}]",15.909,Tesla reported earnings at the end of the year.,2026-04-21T08:23:00.202138Z,
313,1,2026-04-21T08:23:22.273718Z,313,"[{""start"":0,""end"":8,""text"":""Facebook"",""labels"":[""ORGANIZATION""]},{""start"":39,""end"":49,""text"":""California"",""labels"":[""LOCATION""]}]",18.422,Facebook’s headquarters are located in California.,2026-04-21T08:23:22.273718Z,
314,1,2026-04-21T08:23:39.256470Z,314,"[{""start"":38,""end"":46,""text"":""Tanzania"",""labels"":[""LOCATION""]},{""start"":47,""end"":56,""text"":""last week"",""labels"":[""DATE""]}]",13.677,The minister visited hospitals across Tanzania last week.,2026-04-21T08:23:39.256470Z,
315,1,2026-04-21T08:23:57.317165Z,315,"[{""start"":0,""end"":3,""text"":""IBM"",""labels"":[""ORGANIZATION""]},{""start"":37,""end"":44,""text"":""Germany"",""labels"":[""LOCATION""]}]",14.548,IBM collaborated with researchers in Germany.,2026-04-21T08:23:57.317165Z,
316,1,2026-04-21T08:24:06.018742Z,316,O,5.781,The organization held meetings in multiple cities.,2026-04-21T08:24:06.018742Z,
317,1,2026-04-21T08:24:20.500105Z,317,"[{""start"":28,""end"":34,""text"":""Berlin"",""labels"":[""LOCATION""]}]",11.009,Angela spoke at an event in Berlin.,2026-04-21T08:24:20.501103Z,
318,1,2026-04-21T08:24:48.841698Z,318,"[{""start"":4,""end"":13,""text"":""Red Cross"",""labels"":[""ORGANIZATION""]},{""start"":53,""end"":58,""text"":""Sudan"",""labels"":[""LOCATION""]}]",21.203,The Red Cross team provided aid during the crisis in Sudan.,2026-04-21T08:24:48.841698Z,
319,1,2026-04-21T08:25:12.376331Z,319,"[{""start"":0,""end"":7,""text"":""Samsung"",""labels"":[""ORGANIZATION""]}]",20.169,Samsung plans to launch a product soon.,2026-04-21T08:25:12.376331Z,
320,1,2026-04-21T08:25:36.473641Z,320,"[{""start"":11,""end"":16,""text"":""Apple"",""labels"":[""ORGANIZATION""]},{""start"":25,""end"":30,""text"":""China"",""labels"":[""LOCATION""]},{""start"":34,""end"":39,""text"":""March"",""labels"":[""DATE""]}]",21.032,The CEO of Apple visited China in March.,2026-04-21T08:25:36.473641Z,
321,1,2026-04-21T08:25:56.729916Z,321,"[{""start"":17,""end"":31,""text"":""United Nations"",""labels"":[""ORGANIZATION""]},{""start"":49,""end"":55,""text"":""Geneva"",""labels"":[""LOCATION""]}]",17.124,Leaders from the United Nations met officials in Geneva.,2026-04-21T08:25:56.730913Z,
322,1,2026-04-21T08:26:11.209413Z,322,"[{""start"":33,""end"":46,""text"":""New York City"",""labels"":[""LOCATION""]}]",11.567,The company held a conference in New York City.,2026-04-21T08:26:11.210410Z,
323,1,2026-04-21T08:26:27.185857Z,323,"[{""start"":35,""end"":41,""text"":""Madrid"",""labels"":[""LOCATION""]}]",13.018,Cristiano scored during a match in Madrid.,2026-04-21T08:26:27.186865Z,
324,1,2026-04-21T08:26:44.529981Z,324,"[{""start"":4,""end"":18,""text"":""European Union"",""labels"":[""ORGANIZATION""]}]",14.3,The European Union announced changes recently.,2026-04-21T08:26:44.529981Z,
325,1,2026-04-21T08:26:56.801689Z,325,"[{""start"":36,""end"":44,""text"":""Shanghai"",""labels"":[""LOCATION""]}]",9.326,Jack attended a business meeting in Shanghai.,2026-04-21T08:26:56.801689Z,
326,1,2026-04-21T08:27:19.489111Z,326,"[{""start"":4,""end"":14,""text"":""World Bank"",""labels"":[""ORGANIZATION""]},{""start"":40,""end"":46,""text"":""Africa"",""labels"":[""LOCATION""]}]",19.153,The World Bank group funded projects in Africa.,2026-04-21T08:27:19.489111Z,
327,1,2026-04-21T08:27:35.140759Z,327,"[{""start"":30,""end"":43,""text"":""San Francisco"",""labels"":[""LOCATION""]}]",10.313,Mark spoke at a conference in San Francisco.,2026-04-21T08:27:35.140759Z,
328,1,2026-04-21T08:27:48.314200Z,328,"[{""start"":4,""end"":31,""text"":""International Monetary Fund"",""labels"":[""ORGANIZATION""]}]",9.504,The International Monetary Fund released a report.,2026-04-21T08:27:48.314200Z,
329,1,2026-04-21T08:28:00.166363Z,329,"[{""start"":23,""end"":30,""text"":""Chicago"",""labels"":[""LOCATION""]}]",9.144,Oprah hosted a show in Chicago.,2026-04-21T08:28:00.166363Z,
330,1,2026-04-21T08:28:29.299358Z,330,"[{""start"":4,""end"":17,""text"":""African Union"",""labels"":[""ORGANIZATION""]},{""start"":33,""end"":41,""text"":""Ethiopia"",""labels"":[""LOCATION""]},{""start"":42,""end"":52,""text"":""last month"",""labels"":[""DATE""]}]",25.948,The African Union leaders met in Ethiopia last month.,2026-04-21T08:28:29.299358Z,
